Product,Category,Price,Original Price,Discount Percentage,Average Score,Brand
Women'S Cozy Ankle Snow Boots Fashion Winter Classic Warm Shoes Women,Women Snow Boots,$19.89,$25.89,%23,4.62*,SHEIN
Women's Plush-lined Slip-on Low-cut Comfortable Snow Boots,Women Snow Boots,$11.26,$24.60,%54,4.91*,SHEIN
Women's Over The Knee Pointed Toe Side Zipper Autumn And Winter Boots Elastic Pu Leather Stiletto High Heel Thigh High Boots,Women Over-the-Knee Boots,$36.41,$42.24,%14,4.87*,SHEIN
"ROMWE Grunge Punk British Sweet Cool Boots, Pink Rounded-Toe Patent Leather Casual Chunky Short Boots",Women Ankle Boots & Booties,$25.90,$30.30,%15,0*,SHEIN
"Women's Winter Knee-high Snow Boots, Warm, Non-slip, With Plush, Fashionable, Personalized",Women Snow Boots,$23.57,$37.40,%37,4.93*,SHEIN
"Women'S Fashionable Casual Solid Color Lace-Up Boots, Versatile Shoes",Women Mid-Calf Boots,$18.00,$21.30,%15,0*,SHEIN
Women's Fashionable White Sneakers 2023 New Comfortable Lace-up Round Toe Sporty Casual Shoes Warm Fleece-lined Snow Boots,Women Snow Boots,$29.59,$33.44,%12,4.95*,SHEIN
"Women Minimalist Slip On Chelsea Boots, Preppy Outdoor Boots",Women Ankle Boots & Booties,$15.66,$25.20,%38,4.77*,SHEIN
"Women's Black Elegant Solid Color Elastic Ankle Boots, Square Toe, Chunky Heel, Classic Socks Boots",Women Mid-Calf Boots,$38.20,$44.50,%14,4.92*,SHEIN
Women'S Boot Short Ankle Platform Heighten Fleece Lined Snow Slipper Classic Anti-Slip Outdoor,Women Snow Boots,,,,4.67*,SHEIN
"Fashionable And Versatile Pointed Toe Thick Heel High Heel Boots With Black And Apricot Colors, Designed With Knitting And Woven Decoration, Elegant And Slimming, Anti-slip Sole, Suitable For Autumn And Winter Women's Fashion Boots",Women Mid-Calf Boots,$16.56,$26.30,%37,4.91*,SHEIN
"Women's Pointed Toe Suede Side Zipper Short Boots, New Style Fashionable Black High Heeled Boots",Women Ankle Boots & Booties,$18.30,$21.60,%15,5.00*,SHEIN
Women'S Suede Shearling Ankle Moccasin Bootie Slippers Memory Foam Indoor Warm Snow Boots,Women Ankle Boots & Booties,,,,4.72*,SHEIN
Women's Fashionable Boots,Women Knee-High Boots,$33.30,$38.50,%14,4.88*,SHEIN
Women Knee-High Boots,Women Knee-High Boots,,,,4.89*,SHEIN
"Women Minimalist Side Zipper Chunky Heeled Classic Boots, Elegant Outdoor Faux Suede Boots",Women Knee-High Boots,$15.32,$31.20,%51,4.84*,SHEIN
"Women's Winter Snow Boots With Plush Lining, Thickened, Warm, Water-resistant, High Cut, Suitable For Large Size, Northeastern Style",Women Snow Boots,,,,4.97*,SHEIN
"Women's Fashion Mid-Calf Boots, Women's Fashion Zipper Ankle Boots, Women's Fashion Lace-Up Boots",Women Mid-Calf Boots,$32.50,$38.60,%16,0*,SHEIN
Plain Flatform Warm Shoes,Women Ankle Boots & Booties,,,,4.77*,SHEIN
Pull-On Faux Suede Flatform Booties,Women Ankle Boots & Booties,,,,4.87*,SHEIN
"European And American Plus Size Ins Style Women's Over-the-knee High Heel Boots, Classic Black Women's Retro Knight Boots, Slim And Long Tube Women's Boots, Chunky Heel Mid-tube Elastic Band Belt Buckle Shoes, Winter",Women Over-the-Knee Boots,$25.99,$32.20,%19,4.93*,SHEIN
"Black Plain October/November Shoes, Women's Fashion Knee-high Boots With Elastic Fitting And High Heel",Women Knee-High Boots,$20.70,$43.20,%52,4.95*,SHEIN
Women's Ankle Boots And Short Boots,Women Ankle Boots & Booties,$10.08,$25.00,%60,4.86*,SHEIN
"2023 New Winter Thick-soled Women's Mid-calf Snow Boots With Fleece, Keep Warm, Bowknot, Large Size",Women Snow Boots,$34.21,$38.72,%12,4.86*,SHEIN
"New Women's Snow Boots, Autumn/winter Thickened Short Boots With Anti-slip, Warmth",Women Snow Boots,$24.97,$28.27,%12,4.93*,SHEIN
"SHEIN BIZwear Minimalist Chunky Heeled Sock Boots, Black Elegant Solid Color Women's Fashionable Boots",Women Mid-Calf Boots,$27.20,$31.40,%13,4.83*,SHEIN
Ladies' Fashionable Side Zipper Boots,Women Ankle Boots & Booties,$14.95,$31.40,%52,4.85*,SHEIN
"Fashion  Women's Winter Warm Fur Boots With Mid-calf Length With, Fleece & Anti-skid Sole, Personality leisure Slippers Design",Women Snow Boots,$41.99,$47.88,%12,4.93*,SHEIN
Women's Simple Fashion Chunky Heel Ankle Boots,Women Ankle Boots & Booties,$32.45,$37.62,%14,4.89*,SHEIN
"Sexy Elastic Ankle Boots, Simple Pointed Toe High Heel Stretch Sock Booties",Women Over-the-Knee Boots,$27.80,$32.00,%13,4.70*,SHEIN
"Women's Short Boots, Autumn/winter New Arrival, Chunky Heel, Versatile Fashion Square Toe, Increase Height, Slimming, Suitable For Parties",Women Mid-Calf Boots,$20.90,$24.30,%14,4.87*,SHEIN
"Waterproof Platform Thick Bottom Elastic Over Knee Boots, Casual Sports Thigh High Boots",Women Over-the-Knee Boots,$30.03,$49.40,%39,4.90*,SHEIN
New Thickened Snow Boots With Increased Heels And Warm Fleece Lining For Winter,Women Snow Boots,$25.78,$32.23,%20,4.81*,SHEIN
Women's Wedge Heel Platform Boots,Women Ankle Boots & Booties,$26.18,$30.91,%15,4.91*,SHEIN
"Zipper Side Point Toe Chunky Heeled Classic Boots, Black Elegant Solid Classic Boots",Women Knee-High Boots,$33.90,$39.30,%14,4.87*,SHEIN
"Women Black Side Zip Thermal Lined Lace-up Front Combat Boots, Fashionable Round Toe Middle Heel Boots",Women Ankle Boots & Booties,$11.29,$28.70,%61,4.89*,SHEIN
Women's Fashionable Black Synthetic Suede Stretchy Sock Boots,Women Over-the-Knee Boots,$17.45,$28.60,%39,4.86*,SHEIN
Women'S Ankle Snow Boots Winter Classic,Women Snow Boots,,,,4.54*,SHEIN
"Women's Pure Color Square Toe Over The Knee Boots, Chunky Heel, Mid-calf Boot, Elastic Slim Stretch Thigh High Boots",Women Knee-High Boots,$29.26,$33.99,%14,4.85*,SHEIN
Pointy Toe Knee High Pull On Fashion Boots,Women Knee-High Boots,,,,4.91*,SHEIN
New Arrivals Women's Snow Boots Anti-slip Motorcycle Boots Plus Velvet Warm Shoes Women's Short Boots Ladies Winter Boots Increasing Height Fashionable Boots,Women Mid-Calf Boots,$16.08,$38.50,%58,4.90*,SHEIN
"Women's Square Toe Fashion Boots, Winter New Short Boots, Chunky Heel Western Style Black Ankle Boots, Knitted Sock Boots, Elastic Combat Boots, Mid-high Heel Women's Boots, High-cut Black Cowboy Boots",Women Mid-Calf Boots,$21.47,$26.84,%20,4.92*,SHEIN
Women'S Fashionable Simple & Versatile Elegant & Sexy Western Style Slip-On Ankle Booties For Dating,Women Ankle Boots & Booties,$29.40,$33.90,%13,4.79*,SHEIN
"Sequin Decor Point Toe Chunky Heeled Classic Boots, Women's Chunky Heel Silver Glitter Solid Color Party Fashion Boots",Women Ankle Boots & Booties,$26.80,$31.20,%14,4.70*,SHEIN
"Women's Solid Color Shiny Leather Knee-high Boots, Over The Knee Boots, Mid-calf Boots, Pointed Toe Chunky Heel Side-zipper Winter Boots For Warmth",Women Knee-High Boots,$33.40,$39.10,%15,4.88*,SHEIN
"Women's Suede Skintight Stretch Over-the-knee Boots With Side Zipper, Winter Warm Long Boots With Thin High Heel",Women Over-the-Knee Boots,$34.54,$39.93,%13,4.89*,SHEIN
"Women Zipper Side Boots, Elegant Black Faux Suede Slouchy Boots For Winter",Women Knee-High Boots,$13.44,$28.50,%53,4.81*,SHEIN
"Women Minimalist Warm Snow Boots, Fashion Black Snow Boots",Women Snow Boots,$21.17,$30.40,%30,4.75*,SHEIN
Women's Fashionable Slip-on Boots,Women Ankle Boots & Booties,$35.53,$41.80,%15,4.88*,SHEIN
"Elegant 's Boots, Buckle Decorated Lace Up Chunky Heel Boots",Women Ankle Boots & Booties,$13.96,$20.20,%31,4.87*,SHEIN
Women'S Shoes/Women'S Sports Shoes Women'S Snow Boots/Women'S Outdoor Shoes/Boots/Women'S Fashion Boots/Women'S Warm Snow Boots/Women'S Thick-Soled Snow Boots,Women Snow Boots,$11.25,$27.80,%60,4.88*,SHEIN
Women's Red High Heel Pointed Toe Elastic Over The Knee Boots With Side Zipper For Fall And Winter,Women Over-the-Knee Boots,$34.98,$40.37,%13,4.91*,SHEIN
"Women's Sock Boots Simple Style Over The Knee High Boots, Fashionable & Comfortable For Outdoor",Women Over-the-Knee Boots,$10.96,$22.70,%52,4.72*,SHEIN
Lace-Up Front High Top Skate Shoes Pu Leather Sport Shoes With Side Zipper And Comfortable Soft Sole,Women Ankle Boots & Booties,,,,4.88*,SHEIN
Women Thermal Lace-Up Front Thermal Lined Faux Suede Snow Boots,Women Mid-Calf Boots,$10.75,$28.90,%63,4.83*,SHEIN
Women's Snow Boots,Women Snow Boots,$16.50,$18.70,%12,4.66*,SHEIN
"Women Faux Suede Zip Side Boots, Round Toe Chunky Heeled Classic Boots",Women Ankle Boots & Booties,$18.66,$25.20,%26,4.85*,SHEIN
European And American 2023 New Style Autumn And Winter Over-the-knee High Elastic Velvet Boots With Thin High Heels And Waterproof Platforms For Women To Look Slim And Sexy,Women Over-the-Knee Boots,$41.00,$47.30,%13,4.85*,SHEIN
"Minimalist Point Toe Clear Chunky Heeled Sock Boots, Elegant And Fashionable Women's Solid Spandex Booties, Almond Color",Women Ankle Boots & Booties,$25.76,$32.20,%20,4.82*,SHEIN
"Fashion Brown Boots For Women, Buckle Decor Slouchy Boots",Women Mid-Calf Boots,$12.90,$27.90,%54,4.87*,SHEIN
Fashionable Pointed Toe High Heel Over-the-knee Boots For Outdoor Spring And Autumn,Women Over-the-Knee Boots,$40.90,$47.40,%14,4.84*,SHEIN
"Women's Pointed Toe Over-the-knee Stretch Tight-fitting Pu Leather Boots With Slim High Heels, Side Zipper, Winter Autumn Boot Leggings High Boots",Women Over-the-Knee Boots,$33.99,$39.38,%14,4.88*,SHEIN
"Women Faux Suede Zip Side Boots, Round Toe Chunky Heeled Classic Boots",Women Ankle Boots & Booties,$16.96,$30.70,%45,4.90*,SHEIN
"Women's Black Solid Color Elastic Ankle Boots, Faux Suede, Stiletto Heel, Side Zipper And Wrinkled Design",Women Mid-Calf Boots,$27.96,$32.60,%14,4.88*,SHEIN
"Women's High Heel Fall/winter Knee/thigh High Boots With Chunky Heel, Over The Knee Boots For Slimming Legs",Women Knee-High Boots,$19.46,$25.20,%23,4.91*,SHEIN
"Stiletto Heeled Point Toe Classic Boots, Black Sexy Solid Color Classic Boots",Women Knee-High Boots,$39.49,$45.65,%13,4.84*,SHEIN
"Women's Over The Knee High Chunky Heel Boots, Black, Bohemian Style, Autumn And Winter, Plus Size, Classic Pull-on Western Boots, Round Toe, European And American Style",Women Knee-High Boots,$36.90,$42.60,%13,4.83*,SHEIN
Women's Fashionable Classic White Arrow Head Chunky Heel Side Zipper Ankle Boots,Women Ankle Boots & Booties,$29.48,$34.32,%14,4.88*,SHEIN
Women's Knee High Boots,Women Knee-High Boots,$36.20,$42.30,%14,4.91*,SHEIN
"Minimalist Croc Embossed Side Zipper Classic Boots, Fashionable Pink Women's Boots",Women Knee-High Boots,$37.62,$43.89,%14,4.82*,SHEIN
Women's Square Toe Zipper Boots Black Nude Mid Calf Chunky Heel Fall Winter Classic Footwear,Women Mid-Calf Boots,$31.90,$37.07,%14,4.88*,SHEIN
2023 New Autumn Winter Western Cowboy Boots Embroidery Design Mid-calf Riding Boots For Women With Mid-heel,Women Ankle Boots & Booties,$26.29,$30.47,%14,4.91*,SHEIN
"2023 New Fashion Thick Beaded Snow Boots For Short Women, Keeping Warm In Winter White Not Over The Knee Boots For Fat Leg Ladies",Women Snow Boots,$23.35,$34.10,%32,4.87*,SHEIN
"Women Buckle Decor Lace-Up Front Zipper Side Platform Combat Boots, Punk Outdoor Boots",Women Ankle Boots & Booties,$24.56,$33.50,%27,4.90*,SHEIN
"Women Slip-on Sock Boots, Elegant Black Over The Knee Boots",Women Over-the-Knee Boots,$28.82,$33.55,%14,4.81*,SHEIN
"Women's Short Snow Boots For Outdoor Activities, Anti-slip And Warm",Women Ankle Boots & Booties,$17.96,$23.80,%25,4.84*,SHEIN
"SHEIN Women White Side Zip Point Toe Classic Boots, Elegant Chunky Heeled Boots",Women Ankle Boots & Booties,$30.80,$35.75,%14,4.83*,SHEIN
"Women's Plus Size Crystal Heel Stretch Fabric High Heel Fashion Boots For Outdoor & Party, Autumn/winter",Women Ankle Boots & Booties,$27.80,$32.30,%14,4.68*,SHEIN
"Women's Chunky Heel Western Boots, Knee High, Side Zipper, Novelties, European And American Runway Style, All Match Pointed Toe Women's Shoes",Women Mid-Calf Boots,$15.46,$31.30,%51,4.78*,SHEIN
"Stretchy Autumn Winter New Arrival Thigh High Boots For Women, Chunky Heel, Fashionable",Women Over-the-Knee Boots,$19.25,$29.80,%35,4.98*,SHEIN
"Women'S Fluffy Thickened Snow Boots, Slip-On Style, Brown, Non-Slip, Keep Warm In Winter",Women Snow Boots,$18.70,$21.12,%11,4.89*,SHEIN
Women Two Tone Lace Up Front Combat Boots Fashion Shoes,Women Ankle Boots & Booties,$18.52,$33.60,%45,4.92*,SHEIN
Exposed Seam Detail Women Chunky Fashion Boots,Women Ankle Boots & Booties,,,,4.91*,SHEIN
"Women's Minimalist Pointed Toe Block Heel Short Boots With Side Zipper, Green, Autumn/winter",Women Ankle Boots & Booties,$14.56,$21.10,%31,4.87*,SHEIN
"Fashionable Pointed Toe Chunky Heel Women'S Knee-High Boots For Party, Wedding, Christmas",Women Mid-Calf Boots,$28.77,$43.50,%34,4.78*,SHEIN
"Women's Fashionable Slip-on Soft-sole Snow Boots, Keep Warm In Autumn And Winter",Women Snow Boots,$7.80,$20.30,%62,4.98*,SHEIN
2023 Autumn And Winter New Simple Ladies Elegant Black Boots Thick Heels High Heels Pointed Toe Women's Boots Fashion Short Boots,Women Ankle Boots & Booties,$35.31,$40.92,%14,4.92*,SHEIN
New Winter Arrival Women's White Sneakers High Heeled Thick Sole Short Boots With Fleece Lining As Well As Casual Fashionable Style,Women Ankle Boots & Booties,$12.63,$30.80,%59,4.97*,SHEIN
"Zip Side Faux Suede Wedge Boots, Women's Wedge Heel Platform Mid-calf Boots - Black, Fashionable Monochrome Design",Women Ankle Boots & Booties,$15.46,$28.30,%45,4.82*,SHEIN
Women's Plush Warm Snow Boots,Women Snow Boots,$20.30,$23.00,%12,4.87*,SHEIN
"Zipper Back Lace-up Front Combat Boots, Women's Fashionable Chunky Heeled White Solid Color Boots",Women Ankle Boots & Booties,$25.52,$29.92,%15,4.82*,SHEIN
"Thick Soled, Wedge Heel, Knit, Sewing Thread, Solid Color, Comfortable, Casual, Daily, Non-slip, Outdoor, Party, Trendy, Winter Shoes Style, Stretchy Sock Boots For Women",Women Ankle Boots & Booties,$16.96,$21.70,%22,4.84*,SHEIN
Women's Mid-calf Boots,Women Mid-Calf Boots,$28.71,$33.66,%15,4.97*,SHEIN
Cuccoo Party Collection Women Shoes Crocodile Embossed Point Toe Chunky Heeled Beige Classic Boots,Women Over-the-Knee Boots,$38.00,$50.00,%24,4.87*,SHEIN
"Women's Fashionable Classic Boots, Popular For Outdoor Activities",Women Ankle Boots & Booties,$9.54,$22.10,%57,4.94*,SHEIN
"Halloween, Black Friday, Party, Vacation, Wedding, Anniversary, Autumn/winter, Brown, Black, Stylish And Versatile Square Toe, Showing Height And Slim, Non-slip Rubber Sole, Classic Elegant Women's Short Boots, Rubber Women's Fashion Boots, Women's Chelsea Boots, Halloween Fun Boots.",Women Mid-Calf Boots,$20.68,$24.31,%15,4.87*,SHEIN
"Women's Ankle Boots And Short Boots, Plus Velvet, Anti-slip, Warm Winter Boots",Women Ankle Boots & Booties,$14.37,$27.30,%47,4.86*,SHEIN
Women Over-the-knee Boots 2023 Spring Autumn New Korean Single Boots Thick Bottom Knitted Elastic Stocking Boots Thickened Increased High Boots,Women Over-the-Knee Boots,$25.40,$29.70,%14,4.69*,SHEIN
Women Minimalist Point Toe Stiletto Heeled Over The Knee Sock Boots,Women Over-the-Knee Boots,$24.96,$31.20,%20,4.71*,SHEIN
Fashionable Women's Boots,Women Ankle Boots & Booties,$22.55,$26.40,%15,4.77*,SHEIN
